[
  {
    "id": 1,
    "image": "images/mickey.png"
  },
  {
    "id": 2,
    "image": "images/mickey2.png"
  },
  {
    "id": 3,
    "image": "images/mickey3.png"
  },
  {
    "id": 4,
    "image": "images/mickey4.png"
  },
  {
    "id": 5,
    "image": "images/mickey5.png"
  },
  {
    "id": 6,
    "image": "images/mickey6.png"
  },
  {
    "id": 7,
    "image": "images/mickey7.png"
  },
  {
    "id": 8,
    "image": "images/mickey8.png"
  },
  {
    "id": 9,
    "image": "images/mickey9.png"
  },
  {
    "id": 10,
    "image": "images/mickey10.png"
  },
  {
    "id": 11,
    "image": "images/mickey11.png"
  },
  {
    "id": 12,
    "image": "images/mickey12.png"
  }
]
